-- Realistic orders spanning multiple customers and statuses
INSERT INTO orders (order_id, customer_id, warehouse_id, status, priority, total_amount, expected_delivery, notes) VALUES
('a0000000-0000-0000-0000-000000000010', 'b0000000-0000-0000-0000-000000000001', 'd0000000-0000-0000-0000-000000000001', 'DELIVERED',  'STANDARD', 1840.00, CURRENT_DATE - 5, 'Monthly PPE restock for Accra operations'),
('a0000000-0000-0000-0000-000000000011', 'b0000000-0000-0000-0000-000000000002', 'd0000000-0000-0000-0000-000000000001', 'DELIVERED',  'HIGH',     3250.00, CURRENT_DATE - 3, 'Packaging materials bulk order Q2'),
('a0000000-0000-0000-0000-000000000012', 'b0000000-0000-0000-0000-000000000003', 'd0000000-0000-0000-0000-000000000002', 'SHIPPED',    'URGENT',   5680.00, CURRENT_DATE + 1, 'Emergency cold chain supplies for Kumasi hub'),
('a0000000-0000-0000-0000-000000000013', 'b0000000-0000-0000-0000-000000000001', 'd0000000-0000-0000-0000-000000000001', 'PROCESSING', 'HIGH',     960.00,  CURRENT_DATE + 3, 'Warehouse cleaning supplies replenishment'),
('a0000000-0000-0000-0000-000000000014', 'b0000000-0000-0000-0000-000000000004', 'd0000000-0000-0000-0000-000000000001', 'PENDING',    'STANDARD', 2140.00, CURRENT_DATE + 7, 'Forklift maintenance parts and fluids'),
('a0000000-0000-0000-0000-000000000015', 'b0000000-0000-0000-0000-000000000004', 'd0000000-0000-0000-0000-000000000002', 'DRAFT',      'STANDARD', 725.00,  CURRENT_DATE + 10, 'Office and label supplies for North warehouse'),
('a0000000-0000-0000-0000-000000000016', 'b0000000-0000-0000-0000-000000000002', 'd0000000-0000-0000-0000-000000000001', 'DRAFT',      'HIGH',     4200.00, CURRENT_DATE + 5, 'Pallet racking expansion - Phase 2'),
('a0000000-0000-0000-0000-000000000017', 'b0000000-0000-0000-0000-000000000003', 'd0000000-0000-0000-0000-000000000001', 'DELIVERED',  'STANDARD', 380.00,  CURRENT_DATE - 10, 'Small tools and cable ties bulk'),
('a0000000-0000-0000-0000-000000000018', 'b0000000-0000-0000-0000-000000000001', 'd0000000-0000-0000-0000-000000000001', 'FAILED',     'URGENT',   1500.00, CURRENT_DATE - 2, 'Cancelled due to stock unavailability'),
('a0000000-0000-0000-0000-000000000019', 'b0000000-0000-0000-0000-000000000005', 'd0000000-0000-0000-0000-000000000001', 'PENDING',    'URGENT',   890.00,  CURRENT_DATE + 2, 'Safety equipment for new hires - urgent');

-- Order items for new orders
INSERT INTO order_items (order_id, product_id, quantity, unit_price) VALUES
('a0000000-0000-0000-0000-000000000010', 'e0000000-0000-0000-0000-000000000011', 20, 24.00),
('a0000000-0000-0000-0000-000000000010', 'e0000000-0000-0000-0000-000000000012', 30, 12.00),
('a0000000-0000-0000-0000-000000000010', 'e0000000-0000-0000-0000-000000000013', 10, 78.00),
('a0000000-0000-0000-0000-000000000010', 'e0000000-0000-0000-0000-000000000014', 20, 15.00),
('a0000000-0000-0000-0000-000000000011', 'e0000000-0000-0000-0000-000000000006', 1500, 0.85),
('a0000000-0000-0000-0000-000000000011', 'e0000000-0000-0000-0000-000000000007', 500, 1.40),
('a0000000-0000-0000-0000-000000000011', 'e0000000-0000-0000-0000-000000000008', 200, 2.20),
('a0000000-0000-0000-0000-000000000011', 'e0000000-0000-0000-0000-000000000009', 50, 18.00),
('a0000000-0000-0000-0000-000000000012', 'e0000000-0000-0000-0000-000000000401', 80, 32.00),
('a0000000-0000-0000-0000-000000000012', 'e0000000-0000-0000-0000-000000000402', 500, 2.80),
('a0000000-0000-0000-0000-000000000012', 'e0000000-0000-0000-0000-000000000404', 30, 45.00),
('a0000000-0000-0000-0000-000000000013', 'e0000000-0000-0000-0000-000000000301', 10, 42.00),
('a0000000-0000-0000-0000-000000000013', 'e0000000-0000-0000-0000-000000000302', 15, 18.00),
('a0000000-0000-0000-0000-000000000013', 'e0000000-0000-0000-0000-000000000303', 3, 85.00),
('a0000000-0000-0000-0000-000000000014', 'e0000000-0000-0000-0000-000000000501', 4, 165.00),
('a0000000-0000-0000-0000-000000000014', 'e0000000-0000-0000-0000-000000000502', 8, 48.00),
('a0000000-0000-0000-0000-000000000014', 'e0000000-0000-0000-0000-000000000503', 6, 85.00),
('a0000000-0000-0000-0000-000000000014', 'e0000000-0000-0000-0000-000000000504', 10, 35.00),
('a0000000-0000-0000-0000-000000000015', 'e0000000-0000-0000-0000-000000000601', 30, 12.50),
('a0000000-0000-0000-0000-000000000015', 'e0000000-0000-0000-0000-000000000602', 5, 28.00),
('a0000000-0000-0000-0000-000000000015', 'e0000000-0000-0000-0000-000000000603', 10, 8.00),
('a0000000-0000-0000-0000-000000000016', 'e0000000-0000-0000-0000-000000000201', 10, 420.00),
('a0000000-0000-0000-0000-000000000017', 'e0000000-0000-0000-0000-000000000701', 2, 189.00),
('a0000000-0000-0000-0000-000000000017', 'e0000000-0000-0000-0000-000000000704', 1, 9.50),
('a0000000-0000-0000-0000-000000000018', 'e0000000-0000-0000-0000-000000000101', 5, 300.00),
('a0000000-0000-0000-0000-000000000019', 'e0000000-0000-0000-0000-000000000011', 15, 24.00),
('a0000000-0000-0000-0000-000000000019', 'e0000000-0000-0000-0000-000000000012', 20, 12.00),
('a0000000-0000-0000-0000-000000000019', 'e0000000-0000-0000-0000-000000000014', 15, 15.00);

-- Status history for delivered/shipped orders
INSERT INTO order_status_history (order_id, from_status, to_status, changed_by, reason) VALUES
('a0000000-0000-0000-0000-000000000010', NULL, 'DRAFT', 'c0000000-0000-0000-0000-000000000002', NULL),
('a0000000-0000-0000-0000-000000000010', 'DRAFT', 'PENDING', 'c0000000-0000-0000-0000-000000000002', NULL),
('a0000000-0000-0000-0000-000000000010', 'PENDING', 'PROCESSING', 'c0000000-0000-0000-0000-000000000002', 'Stock reserved'),
('a0000000-0000-0000-0000-000000000010', 'PROCESSING', 'SHIPPED', 'c0000000-0000-0000-0000-000000000002', 'Dispatched via DHL'),
('a0000000-0000-0000-0000-000000000010', 'SHIPPED', 'DELIVERED', 'c0000000-0000-0000-0000-000000000002', 'Signed by Kofi Mensah'),
('a0000000-0000-0000-0000-000000000011', NULL, 'DRAFT', 'c0000000-0000-0000-0000-000000000001', NULL),
('a0000000-0000-0000-0000-000000000011', 'DRAFT', 'PENDING', 'c0000000-0000-0000-0000-000000000001', NULL),
('a0000000-0000-0000-0000-000000000011', 'PENDING', 'PROCESSING', 'c0000000-0000-0000-0000-000000000001', 'Stock reserved'),
('a0000000-0000-0000-0000-000000000011', 'PROCESSING', 'SHIPPED', 'c0000000-0000-0000-0000-000000000001', 'Dispatched'),
('a0000000-0000-0000-0000-000000000011', 'SHIPPED', 'DELIVERED', 'c0000000-0000-0000-0000-000000000001', 'Confirmed receipt'),
('a0000000-0000-0000-0000-000000000012', NULL, 'DRAFT', 'c0000000-0000-0000-0000-000000000002', NULL),
('a0000000-0000-0000-0000-000000000012', 'DRAFT', 'PENDING', 'c0000000-0000-0000-0000-000000000002', NULL),
('a0000000-0000-0000-0000-000000000012', 'PENDING', 'PROCESSING', 'c0000000-0000-0000-0000-000000000002', 'Stock reserved'),
('a0000000-0000-0000-0000-000000000012', 'PROCESSING', 'SHIPPED', 'c0000000-0000-0000-0000-000000000002', 'Express courier dispatched'),
('a0000000-0000-0000-0000-000000000017', NULL, 'DRAFT', 'c0000000-0000-0000-0000-000000000001', NULL),
('a0000000-0000-0000-0000-000000000017', 'DRAFT', 'PENDING', 'c0000000-0000-0000-0000-000000000001', NULL),
('a0000000-0000-0000-0000-000000000017', 'PENDING', 'PROCESSING', 'c0000000-0000-0000-0000-000000000001', 'Stock reserved'),
('a0000000-0000-0000-0000-000000000017', 'PROCESSING', 'SHIPPED', 'c0000000-0000-0000-0000-000000000001', 'Dispatched'),
('a0000000-0000-0000-0000-000000000017', 'SHIPPED', 'DELIVERED', 'c0000000-0000-0000-0000-000000000001', 'Delivered to site'),
('a0000000-0000-0000-0000-000000000018', NULL, 'DRAFT', 'c0000000-0000-0000-0000-000000000001', NULL),
('a0000000-0000-0000-0000-000000000018', 'DRAFT', 'PENDING', 'c0000000-0000-0000-0000-000000000001', NULL),
('a0000000-0000-0000-0000-000000000018', 'PENDING', 'FAILED', 'c0000000-0000-0000-0000-000000000001', 'Insufficient stock for electric pallet jacks');
