INSERT INTO products (product_id, sku, name, description, category, unit_of_measure, unit_cost, reorder_threshold) VALUES
('e0000000-0000-0000-0000-000000000001','SKU-ELEC-001','Wireless Barcode Scanner',    'USB + Bluetooth scanner',         'ELECTRONICS', 'UNIT',  125.00, 20),
('e0000000-0000-0000-0000-000000000002','SKU-ELEC-002','Label Printer',               'Thermal label printer 4x6',       'ELECTRONICS', 'UNIT',  89.00,  15),
('e0000000-0000-0000-0000-000000000003','SKU-ELEC-003','Handheld RF Terminal',        'Warehouse RF data terminal',      'ELECTRONICS', 'UNIT',  345.00, 10),
('e0000000-0000-0000-0000-000000000004','SKU-ELEC-004','USB Hub 7-Port',              'Industrial USB hub',              'ELECTRONICS', 'UNIT',  32.00,  25),
('e0000000-0000-0000-0000-000000000005','SKU-ELEC-005','Charging Dock Station',       'Multi-device charging dock',      'ELECTRONICS', 'UNIT',  67.00,  20),
('e0000000-0000-0000-0000-000000000006','SKU-PACK-001','Cardboard Box Small',         '30x20x15cm',                      'PACKAGING',   'UNIT',  0.85,   500),
('e0000000-0000-0000-0000-000000000007','SKU-PACK-002','Cardboard Box Medium',        '50x40x30cm',                      'PACKAGING',   'UNIT',  1.40,   300),
('e0000000-0000-0000-0000-000000000008','SKU-PACK-003','Cardboard Box Large',         '80x60x50cm',                      'PACKAGING',   'UNIT',  2.20,   200),
('e0000000-0000-0000-0000-000000000009','SKU-PACK-004','Bubble Wrap Roll 50m',        'Air bubble protective film',      'PACKAGING',   'UNIT',  18.00,  50),
('e0000000-0000-0000-0000-000000000010','SKU-PACK-005','Packing Tape 48mm',           '6-roll pack',                     'PACKAGING',   'UNIT',  5.50,   100),
('e0000000-0000-0000-0000-000000000011','SKU-SAFE-001','Hard Hat Class E',            'Electrical rated hard hat',       'SAFETY',      'UNIT',  24.00,  30),
('e0000000-0000-0000-0000-000000000012','SKU-SAFE-002','Safety Vest Hi-Vis L',        'High visibility vest size L',     'SAFETY',      'UNIT',  12.00,  50),
('e0000000-0000-0000-0000-000000000013','SKU-SAFE-003','Steel Toe Boot Size 10',      'ISO 20345 safety boot',           'SAFETY',      'UNIT',  78.00,  20),
('e0000000-0000-0000-0000-000000000014','SKU-SAFE-004','Cut Resistant Gloves Sz M',   'Level 5 cut protection',          'SAFETY',      'UNIT',  15.00,  40),
('e0000000-0000-0000-0000-000000000015','SKU-SAFE-005','Fire Extinguisher 2kg CO2',   'CO2 type, 2kg capacity',          'SAFETY',      'UNIT',  55.00,  10);

INSERT INTO stock_levels (product_id, location_id, quantity_on_hand, quantity_reserved) VALUES
('e0000000-0000-0000-0000-000000000001', 'f0000000-0000-0000-0000-000000000001', 45,  0),
('e0000000-0000-0000-0000-000000000002', 'f0000000-0000-0000-0000-000000000001', 28,  5),
('e0000000-0000-0000-0000-000000000003', 'f0000000-0000-0000-0000-000000000001', 8,   0),
('e0000000-0000-0000-0000-000000000004', 'f0000000-0000-0000-0000-000000000001', 120, 10),
('e0000000-0000-0000-0000-000000000005', 'f0000000-0000-0000-0000-000000000001', 35,  0),
('e0000000-0000-0000-0000-000000000006', 'f0000000-0000-0000-0000-000000000001', 800, 50),
('e0000000-0000-0000-0000-000000000007', 'f0000000-0000-0000-0000-000000000001', 450, 20),
('e0000000-0000-0000-0000-000000000008', 'f0000000-0000-0000-0000-000000000001', 250, 0),
('e0000000-0000-0000-0000-000000000009', 'f0000000-0000-0000-0000-000000000001', 40,  0),
('e0000000-0000-0000-0000-000000000010', 'f0000000-0000-0000-0000-000000000001', 60,  0),
('e0000000-0000-0000-0000-000000000011', 'f0000000-0000-0000-0000-000000000001', 55,  0),
('e0000000-0000-0000-0000-000000000012', 'f0000000-0000-0000-0000-000000000001', 80,  0),
('e0000000-0000-0000-0000-000000000013', 'f0000000-0000-0000-0000-000000000001', 12,  0),
('e0000000-0000-0000-0000-000000000014', 'f0000000-0000-0000-0000-000000000001', 65,  15),
('e0000000-0000-0000-0000-000000000015', 'f0000000-0000-0000-0000-000000000001', 4,   0);

INSERT INTO batches (product_id, batch_number, quantity, manufacture_date, expiry_date, status) VALUES
('e0000000-0000-0000-0000-000000000001', 'BATCH-2026-001', 45, '2025-01-15', '2030-01-15', 'ACTIVE'),
('e0000000-0000-0000-0000-000000000003', 'BATCH-2026-002',  8, '2025-06-01', '2031-06-01', 'ACTIVE'),
('e0000000-0000-0000-0000-000000000015', 'BATCH-2026-003',  4, '2024-11-20', '2027-11-20', 'ACTIVE'),
('e0000000-0000-0000-0000-000000000009', 'BATCH-2025-044', 40, '2025-03-10', '2026-09-10', 'ACTIVE');
